{"proxies":{"ti.colorpicker.TiColorpickerModule":{"superPackageName":"org.appcelerator.kroll","methods":{"showColorPicker":{"runOnUiThread":false,"hasInvocation":false,"args":[{"converter":"org.appcelerator.kroll.KrollConverter","defaultValueProvider":"org.appcelerator.kroll.KrollConverter","name":"args","sourceName":"args","type":"org.appcelerator.kroll.KrollDict"}],"apiName":"showColorPicker","converter":"org.appcelerator.kroll.KrollConverter","defaultValueProvider":"org.appcelerator.kroll.KrollConverter","name":"__default_name__","returnType":"void"}},"superProxyBindingClassName":"org.appcelerator.kroll.KrollModuleBindingGen","proxyClassName":"TiColorpickerModule","proxyAttrs":{"propertyAccessors":[],"fullAPIName":"TiColorpicker","name":"TiColorpicker","proxyClassName":"ti.colorpicker.TiColorpickerModule","isTopLevel":false,"id":"ti.colorpicker"},"packageName":"ti.colorpicker","sourceName":"ti.colorpicker.TiColorpickerModuleBindingGen","isTitaniumSdk":false,"superProxyClassName":"KrollModule","isModule":true,"genClassName":"TiColorpickerModuleBindingGen"}},"modules":{"ti.colorpicker.TiColorpickerModule":{"apiName":"TiColorpicker"}}}